Workbook

Sheet Как заполнять
A1: Шаблон импорта истории в «Срез»
A2: Все числа в этом файле выдуманные — это образец формата, а не данные.
A4: Два листа — это договор с приложением. Приложение читает только их.
A6: «Места» — справочник: одна строка на каждое место, где лежат или лежали деньги.
A7: Место — точное имя, как в заголовке колонки на листе «Срезы».
A8: Категория — любой текст. Новая категория появится в приложении сама.
A9: Валюта — RUB, USD, EUR или BTC. USDT записывается как USD (один курс).
A10: Форма — нал, безнал или «—» для активов и стока.
A12: «Срезы» — одна строка на дату, как главная вкладка.
A13: Дата — дата среза. Один срез в месяц: две строки в одном месяце приложение отклонит.
A14: USDT/RUB — курс USDT на P2P. По нему же пересчитываются USD.
A15: EUR/USD — курс евро к доллару (ЕЦБ). Евро в рубли идёт через доллар: EUR/USD × USDT/RUB.
... A28: Цвета: синий текст на жёлтом — то, что вы вводите; чёрный — формулы.

Sheet Места
A1: Место | B1: Категория | C1: Валюта | D1: Форма
A2: Сбер | B2: Банки | C2: RUB | D2: безнал
A3: Тинькофф | B3: Банки | C3: RUB | D3: безнал
A4: Тинькофф USD | B4: Банки | C4: USD | D4: безнал
A5: Альфа | B5: Банки | C5: RUB | D5: безнал
A6: Налик ₽ | B6: Наличные | C6: RUB | D6: нал
A7: Налик $ | B7: Наличные | C7: USD | D7: нал
A8: Налик € | B8: Наличные | C8: EUR | D8: нал
A9: Крипта | B9: Крипта | C9: BTC | D9: безнал
A10: Машиноместо | B10: Активы | C10: RUB | D10: —
A11: Кроссовки | B11: Сток | C11: RUB | D11: —

Sheet Срезы
A1: Срезы — одна строка на дату
E2: валюта → | F2: =IF(F$3="","",IFERROR(INDEX(Места!$C:$C,MATCH(F$3,Места!$A:$A,0)),"?")) -> RUB | G2: =IF(G$3="","",IFERROR(INDEX(Места!$C:$C,MATCH(G$3,Места!$A:$A,0)),"?")) -> RUB | H2: =IF(H$3="","",IFERROR(INDEX(Места!$C:$C,MATCH(H$3,Места!$A:$A,0)),"?")) -> USD | I2: =IF(I$3="","",IFERROR(INDEX(Места!$C:$C,MATCH(I$3,Места!$A:$A,0)),"?")) -> RUB | J2: =IF(J$3="","",IFERROR(INDEX(Места!$C:$C,MATCH(J$3,Места!$A:$A,0)),"?")) -> RUB | K2: =IF(K$3="","",IFERROR(INDEX(Места!$C:$C,MATCH(K$3,Места!$A:$A,0)),"?")) -> USD | L2: =IF(L$3="","",IFERROR(INDEX(Места!$C:$C,MATCH(L$3,Места!$A:$A,0)),"?")) -> EUR | M2: =IF(M$3="","",IFERROR(INDEX(Места!$C:$C,MATCH(M$3,Места!$A:$A,0)),"?")) -> BTC | ... DZ2: =IF(DZ$3="","",IFERROR(INDEX(Места!$C:$C,MATCH(DZ$3,Места!$A:$A,0)),"?"))
A3: Дата | B3: USDT/RUB | C3: EUR/USD | D3: BTC/USD | E3: Итог ₽ | F3: Сбер | G3: Тинькофф | H3: Тинькофф USD | I3: Альфа | J3: Налик ₽ | K3: Налик $ | L3: Налик € | M3: Крипта | N3: Машиноместо | O3: Кроссовки
A4: 45688 | B4: 101 | C4: 1.04 | D4: 102000 | E4: =IF(COUNTIF($F$2:$DZ$2,"?")>0,"нет в «Места»",SUMPRODUCT($F4:$DZ4*(($F$2:$DZ$2="RUB")+($F$2:$DZ$2="USD")*$B4+($F$2:$DZ$2="EUR")*$C4*$B4+($F$2:$DZ$2="BTC")*$D4*$B4))) -> 5427016 | F4: 420000 | G4: 85000 | H4: 3000 | I4: 60000 | J4: 50000 | K4: 1500 | L4: 400 | M4: 0.25 | N4: 1500000 | O4: 240000
A5: 45716 | B5: 98.5 | C5: 1.0355 | D5: 84000 | E5: =IF(COUNTIF($F$2:$DZ$2,"?")>0,"нет в «Места»",SUMPRODUCT($F5:$DZ5*(($F$2:$DZ$2="RUB")+($F$2:$DZ$2="USD")*$B5+($F$2:$DZ$2="EUR")*$C5*$B5+($F$2:$DZ$2="BTC")*$D5*$B5))) -> 4989988.7 | F5: 450000 | G5: 90000 | H5: 3200 | I5: 40000 | J5: 45000 | K5: 1500 | L5: 400 | M5: 0.26 | N5: 1500000 | O5: 210000
A6: 45747 | B6: 86 | C6: 1.081 | D6: 82500 | E6: =IF(COUNTIF($F$2:$DZ$2,"?")>0,"нет в «Места»",SUMPRODUCT($F6:$DZ6*(($F$2:$DZ$2="RUB")+($F$2:$DZ$2="USD")*$B6+($F$2:$DZ$2="EUR")*$C6*$B6+($F$2:$DZ$2="BTC")*$D6*$B6))) -> 4634111.4 | F6: 380000 | G6: 70000 | H6: 3500 | I6: 0 | J6: 60000 | K6: 1800 | L6: 400 | M6: 0.275 | N6: 1500000 | O6: 180000
A7: 45777 | B7: 84 | C7: 1.135 | D7: 94000 | E7: =IF(COUNTIF($F$2:$DZ$2,"?")>0,"нет в «Места»",SUMPRODUCT($F7:$DZ7*(($F$2:$DZ$2="RUB")+($F$2:$DZ$2="USD")*$B7+($F$2:$DZ$2="EUR")*$C7*$B7+($F$2:$DZ$2="BTC")*$D7*$B7))) -> 4835202 | F7: 410000 | G7: 75000 | H7: 3500 | I7: 0 | J7: 55000 | K7: 1800 | L7: 300 | M7: 0.275 | N7: 1500000 | O7: 150000
A8: 45808 | B8: 80.5 | C8: 1.128 | D8: 104000 | E8: =IF(COUNTIF($F$2:$DZ$2,"?")>0,"нет в «Места»",SUMPRODUCT($F8:$DZ8*(($F$2:$DZ$2="RUB")+($F$2:$DZ$2="USD")*$B8+($F$2:$DZ$2="EUR")*$C8*$B8+($F$2:$DZ$2="BTC")*$D8*$B8))) -> 5004201.2 | F8: 430000 | G8: 80000 | H8: 3600 | I8: 0 | J8: 52000 | K8: 2000 | L8: 300 | M8: 0.28 | N8: 1500000 | O8: 120000
A9: 45838 | B9: 79 | C9: 1.172 | D9: 107000 | E9: =IF(COUNTIF($F$2:$DZ$2,"?")>0,"нет в «Места»",SUMPRODUCT($F9:$DZ9*(($F$2:$DZ$2="RUB")+($F$2:$DZ$2="USD")*$B9+($F$2:$DZ$2="EUR")*$C9*$B9+($F$2:$DZ$2="BTC")*$D9*$B9))) -> 5098546.4 | F9: 455000 | G9: 82000 | H9: 3600 | I9: 0 | J9: 50000 | K9: 2000 | L9: 300 | M9: 0.29 | N9: 1500000 | O9: 90000
